{
    "installed": {
        "client_id": "871833118893-e6kn3pg044tc4t8lmuqiocbhnu9ca2on.apps.googleusercontent.com",
        "project_id": "work-registry",
        "auth_uri": "https://accounts.google.com/o/oauth2/auth",
        "token_uri": "https://oauth2.googleapis.com/token",
        "auth_provider_x509_cert_url": "https://www.googleapis.com/oauth2/v1/certs",
        "client_secret": "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",
        "redirect_uris": [
            "http://localhost"
        ]
    }
}